Aaden,Aarav,Aaron,Ab,Abb,Abbott,Abdiel,Abdul,Abdullah,Abe,Abel,Abelardo,Abie,Abner,Abraham,Abram,Ace,Acey,Acie,Acy,Adalberto,Adam,Adams,Adan,Add,Adelard,Adelbert,Aden,Adin,Aditya,Adlai,Admiral,Adolf,Adolfo,Adolph,Adolphus,Adonis,Adrain,Adrian,Adriel,Adrien,Adron,Aedan,Agustin,Agustus,Ah,Ahmad,Ahmed,Aidan,Aiden,Aidyn,Aime,Akeem,Al,Alan,Alanzo,Albert,Alberto,Albertus,Albin,Albion,Alby,Alcee,Alcide,Alden,Aldo,Alec,Aleck,Alejandro,Alek,Alessandro,Alex,Alexande,Alexander,Alexandre,Alexandro,Alexis,Alexzander,Alf,Alferd,Alfie,Alfonse,Alfonso,Alfonzo,Alford,Alfred,Alfredo,Alger,Algernon,Algie,Algot,Ali,Alijah,Allan,Allen,Allyn,Almer,Almon,Almond,Almus,Alois,Alonso,Alonza,Alonzo,Aloys,Aloysius,Alpheus,Alphons,Alphonse,Alphonso,Alphonsus,Alston,Alto,Alton,Alva,Alvah,Alvan,Alvaro,Alver,Alvia,Alvie,Alvin,Alvis,Alvy,Alwin,Amado,Amare,Amari,Amarion,Amasa,Ambers,Ambrose,Americo,Amerigo,Amil,Amin,Amir,Amit,Ammon,Amon,Amos,Ananias,Anastacio,Anatole,Ancel,Ancil,Anders,Anderson,Andon,Andra,Andrae,Andre,Andreas,Andres,Andrew,Andy,Anfernee,Angel,Angelo,Angus,Anibal,Ansel,Anson,Anthoney,Anthony,Antione,Antoine,Anton,Antone,Antonio,Antony,Antwain,Antwan,Antwon,Anwar,Arba,Arbie,Arch,Archer,Archibald,Archie,Ardell,Arden,Ari,Aric,Arjun,Arlan,Arland,Arlen,Arley,Arlie,Arlin,Arlington,Arlis,Arlo,Arlyn,Arman,Armand,Armando,Armani,Armin,Armond,Armstead,Arnav,Arne,Arnett,Arnie,Arno,Arnold,Arnoldo,Arnulfo,Aron,Arron,Arsenio,Art,Arther,Arthor,Arthur,Artie,Artis,Arturo,Arvel,Arvid,Arvil,Arvin,Arvo,Aryan,Asa,Asberry,Asbury,Ashby,Asher,Ashton,Atha,Atlas,Atticus,Attilio,Aubra,Aubrey,Audie,Audley,Audy,August,Auguste,Augustin,Augustine,Augustus,Aurelio,Aurthur,Austen,Austin,Auston,Austyn,Auther,Author,Authur,Autry,Avery,Avon,Axel,Ayaan,Aydan,Ayden,Aydin,Babe,Babyboy,Bailey,Baker,Baldwin,Ballard,Banks,Barnard,Barnett,Barney,Barnie,Baron,Barrett,Barrie,Barron,Barry,Bart,Bartholomew,Bartley,Barton,Bascom,Basil,Baxter,Bayard,Beau,Beckett,Beckham,Bedford,Beecher,Bell,Belton,Ben,Benard,Benedict,Benito,Benjaman,Benjamen,Benjamin,Benjamine,Benji,Benjiman,Benjman,Bennett,Bennie,Benny,Benson,Bentley,Benton,Berkley,Berlin,Bernard,Bernardo,Bernhard,Bernie,Berry,Bert,Bertie,Berton,Bertram,Bertrand,Beryl,Bethel,Bilal,Bill,Billie,Billy,Bird,Birt,Bishop,Bjorn,Blain,Blaine,Blair,Blaise,Blake,Blanchard,Blane,Blas,Blaze,Bliss,Bluford,Bo,Bob,Bobbie,Bobby,Bode,Bolden,Booker,Boone,Boris,Bose,Boss,Boston,Bowman,Boyce,Boyd,Boysie,Brad,Braden,Bradford,Bradley,Bradly,Brady,Bradyn,Braeden,Braedon,Braiden,Brain,Branch,Brandan,Branden,Brandin,Brandon,Brandt,Brandy,Brandyn,Brannon,Branson,Brant,Brantley,Braulio,Braxton,Brayan,Brayden,Braydon,Braylen,Braylon,Brendan,Brenden,Brendon,Brennan,Brennen,Brennon,Brent,Brenton,Bret,Brett,Brian,Brice,Bridger,Brien,Brion,Britt,Brittany,Britton,Brock,Broderick,Brodie,Brody,Brogan,Bronson,Brook,Brooks,Brown,Bruce,Bruno,Bryan,Bryant,Bryce,Brycen,Bryon,Bryson,Bryton,Buck,Bud,Budd,Buddie,Buddy,Buel,Buell,Buford,Bunk,Burdette,Buren,Burgess,Burk,Burke,Burl,Burleigh,Burley,Burnell,Burnett,Burney,Burnice,Burnie,Burns,Burr,Burrel,Burrell,Burt,Burton,Bush,Buster,Butch,Butler,Bynum,Byrd,Byron,Cade,Caden,Cael,Caesar,Caiden,Cain,Cal,Cale,Caleb,Calhoun,Callie,Callum,Calvin,Cam,Camden,Cameron,Camilo,Campbell,Camren,Camron,Camryn,Candido,Cannon,Canyon,Cap,Captain,Carey,Carl,Carleton,Carlie,Carlisle,Carlo,Carlos,Carlton,Carlyle,Carmel,Carmelo,Carmen,Carmine,Carnell,Carrie,Carrol,Carroll,Carsen,Carson,Carter,Cary,Cas,Case,Casen,Casey,Cash,Casimer,Casimir,Casimiro,Cason,Casper,Cass,Cassidy,Cassie,Cassius,Caswell,Cato,Cayden,Ceasar,Cecil,Cedric,Cedrick,Celestino,Cephus,Cesar,Ceylon,Chace,Chad,Chadd,Chadrick,Chadwick,Chaim,Chalmer,Chalmers,Champ,Chance,Chancey,Chancy,Chandler,Channing,Charle,Charles,Charley,Charlie,Charls,Charlton,Charly,Chas,Chase,Chauncey,Chauncy,Chaz,Che,Chesley,Chester,Chet,Cheyenne,Chin,Chip,Chris,Christ,Christian,Christina,Christion,Christop,Christoper,Christophe,Christopher,Chuck,Cicero,Clabe,Claiborne,Clair,Clarance,Clare,Clarence,Clark,Clarke,Clarnce,Claud,Claude,Claudie,Claudio,Claudius,Claus,Clay,Clayton,Clearence,Cleave,Clell,Clem,Clemence,Clemens,Clement,Clemente,Clemmie,Clemon,Cleo,Cleon,Cletus,Cleve,Cleveland,Clide,Cliff,Clifford,Clifton,Clint,Clinton,Clive,Clovis,Cloyd,Clyde,Coby,Codey,Codi,Codie,Cody,Coen,Cohen,Colbert,Colby,Cole,Coleman,Coleton,Coley,Colie,Colin,Collie,Collier,Collin,Collins,Collis,Colon,Colonel,Colt,Colten,Colter,Colton,Columbus,Colvin,Commodore,Con,Conard,Conley,Conner,Connie,Connor,Conor,Conrad,Constantine,Conway,Coolidge,Cooper,Corbett,Corbin,Cordaro,Cordell,Cordero,Corey,Cornel,Cornelious,Cornelius,Cornell,Corry,Cortez,Cortney,Corwin,Cory,Cosmo,Coty,Council,Courtland,Courtney,Coy,Craig,Crawford,Creed,Cris,Cristian,Cristobal,Cristofer,Cristopher,Crockett,Cruz,Cullen,Curley,Curt,Curtis,Curtiss,Cyril,Cyrus,Dabney,Dakoda,Dakota,Dakotah,Dale,Dallas,Dallin,Dalton,Dalvin,Damarcus,Damari,Damarion,Dameon,Damian,Damien,Damion,Damon,Damond,Dan,Dana,Dandre,Dane,Dangelo,Danial,Daniel,Dann,Dannie,Danniel,Danny,Dante,Daquan,Darby,Darcy,Darell,Daren,Darian,Darien,Darin,Dario,Darion,Darius,Darl,Darnell,Darold,Daron,Darrel,Darrell,Darren,Darrian,Darrick,Darrien,Darrin,Darrion,Darrius,Darron,Darry,Darryl,Darryle,Darryll,Darryn,Darvin,Darwin,Darwyn,Daryl,Daryle,Daryn,Dashawn,Daulton,Daunte,Davante,Dave,Davey,Davian,David,Davie,Davin,Davion,Davis,Davon,Davonta,Davonte,Davy,Dawson,Dax,Daxton,Dayne,Dayton,Deacon,Dean,Deandre,Deane,Deangelo,Deante,Declan,Dedric,Dedrick,Deegan,Deforest,Deion,Dejon,Dejuan,Del,Delano,Delbert,Dell,Della,Delma,Delmar,Delmas,Delmer,Delmus,Delos,Delphin,Delton,Delvin,Delwin,Demarco,Demarcus,Demario,Demarion,Demetri,Demetric,Demetrios,Demetrius,Demian,Demond,Demonte,Dempsey,Denis,Dennie,Dennis,Denny,Denton,Denver,Denzel,Denzell,Denzil,Deon,Deondre,Deonta,Deontae,Deonte,Dequan,Derald,Dereck,Derek,Dereon,Deric,Derick,Derik,Derl,Deron,Derrek,Derrell,Derrick,Derwin,Deryl,Desean,Deshaun,Deshawn,Desi,Desmond,Dessie,Destin,Destry,Devan,Devante,Devaughn,Deven,Devin,Devon,Devonta,Devontae,Devonte,Devyn,Deward,Dewayne,Dewey,Dewitt,Dexter,Diallo,Diamond,Diane,Dickie,Diego,Dijon,Dilan,Dillan,Dillard,Dillion,Dillon,Dimitri,Dimitrios,Dink,Dino,Dion,Dionicio,Dionte,Dirk,Dixon,Doc,Dock,Doctor,Doll,Dolph,Dolphus,Domenic,Domenick,Domenico,Domingo,Dominic,Dominick,Dominik,Don,Donaciano,Donal,Donald,Donat,Donato,Donavan,Donavon,Dondre,Donell,Donn,Donnell,Donnie,Donny,Donovan,Donta,Dontae,Donte,Dora,Dorian,Dorman,Dorr,Dorris,Dorsey,Doss,Doug,Douglas,Douglass,Dow,Doyle,Dozier,Drake,Draven,Drew,Drury,Duane,Duard,Dudley,Duff,Duke,Duncan,Durell,Durrell,Durward,Durwood,Dustan,Dustin,Dusty,Dustyn,Duwayne,Dwain,Dwaine,Dwane,Dwayne,Dwight,Dwyane,Dylan,Dyllan,Dylon,Ean,Earl,Earle,Earley,Earlie,Early,Earnest,Easton,Ebb,Ebbie,Eben,Ebenezer,Eber,Ebert,Ed,Edd,Eddie,Eddy,Eden,Edgar,Edgardo,Edie,Edison,Edmon,Edmond,Edmund,Edsel,Edson,Eduardo,Edw,Edward,Edwardo,Edwin,Effie,Efrain,Efrem,Efren,Egbert,Einar,Eino,Elam,Elbert,Elbridge,Elby,Elden,Elder,Eldon,Eldred,Eldridge,Elex,Elgie,Elgin,Eli,Elian,Elias,Elick,Elie,Eliezer,Eliga,Eligah,Elige,Elihu,Elijah,Eliot,Eliseo,Elisha,Elizah,Ell,Ellery,Elliot,Elliott,Ellis,Ellison,Ellsworth,Ellwood,Elmer,Elmo,Elmore,Elon,Elonzo,Eloy,Elroy,Elsworth,Elton,Elvin,Elvis,Elwin,Elwood,Elwyn,Ely,Elza,Elzie,Elzy,Emanuel,Emerson,Emery,Emett,Emil,Emile,Emiliano,Emilio,Emit,Emma,Emmanuel,Emmet,Emmett,Emmit,Emmitt,Emmons,Emory,Emry,Encarnacion,Ennis,Enoch,Enos,Enrico,Enrique,Enzo,Ephraim,Ephram,Ephriam,Epifanio,Erasmo,Erasmus,Erastus,Erby,Eric,Erich,Erick,Erie,Erik,Erin,Erland,Erle,Erling,Ernest,Ernesto,Ernie,Ernst,Errol,Ervin,Erving,Erwin,Esau,Esco,Esequiel,Esker,Esley,Essex,Esteban,Estel,Estes,Estevan,Estill,Eston,Ethan,Ethelbert,Ethen,Eugene,Eugenio,Eusebio,Eustace,Evan,Evander,Evans,Evelyn,Everet,Everett,Everette,Evert,Evertt,Ewald,Ewart,Ewell,Ewin,Ewing,Ezekiel,Ezell,Ezequiel,Ezra,Ezzard,Fabian,Faron,Farrell,Farris,Fate,Faustino,Fayette,Fed,Federico,Felipe,Felix,Felton,Fenton,Ferd,Ferdinand,Ferman,Fernand,Fernando,Ferrell,Ferris,Festus,Fidel,Fidencio,Fielding,Finis,Finley,Finn,Finnegan,Firman,Fisher,Fitzgerald,Fitzhugh,Fleet,Flem,Fleming,Fletcher,Flint,Florencio,Florentino,Florian,Floy,Floyd,Foch,Ford,Forest,Forrest,Foster,Fount,Foy,Frances,Francesco,Francis,Francisco,Franco,Frank,Frankie,Franklin,Franklyn,Franz,Frazier,Fred,Freddie,Freddy,Frederic,Frederick,Fredie,Fredric,Fredrick,Fredy,Freeman,Fremont,French,Friend,Fritz,Fuller,Fulton,Furman,Gabe,Gabriel,Gael,Gaetano,Gage,Gaige,Gail,Gaines,Gaither,Gale,Galen,Gannon,Gardner,Garett,Garey,Garfield,Garland,Garner,Garnet,Garnett,Garold,Garret,Garrett,Garrick,Garrison,Garry,Garth,Garvin,Gary,Gasper,Gaston,Gauge,Gaven,Gavin,Gavyn,Gay,Gayle,Gaylen,Gaylon,Gaylord,Gearld,Geary,Gee,Genaro,Gene,General,Genie,Gennaro,Geno,Geo,Geoff,Geoffrey,George,Georgie,Geovanni,Gerald,Geraldo,Gerard,Gerardo,Gerhard,Gerhardt,Germaine,German,Gerold,Gerrit,Gerry,Giancarlo,Gianni,Gibson,Gideon,Gifford,Gil,Gilbert,Gilberto,Giles,Gilford,Gilman,Gilmer,Gilmore,Gino,Giovani,Giovanni,Giovanny,Giuseppe,Gladstone,Glen,Glendon,Glenn,Glenwood,Glover,Glynn,Godfrey,Goebel,Golden,Gonzalo,Gorden,Gordon,Gorge,Gottlieb,Governor,Grady,Grafton,Graham,Grant,Granville,Graves,Gray,Graydon,Grayling,Grayson,Green,Greene,Greg,Gregg,Greggory,Gregorio,Gregory,Greyson,Griffin,Griffith,Grove,Grover,Guido,Guilford,Guillermo,Gunnar,Gunner,Gurney,Gus,Guss,Gussie,Gust,Gustaf,Gustav,Gustave,Gustavo,Gustavus,Guthrie,Guy,Haden,Hadley,Haiden,Hakeem,Hakim,Hal,Halbert,Hale,Hall,Halley,Hallie,Halsey,Ham,Hamilton,Hamp,Hampton,Hamza,Handy,Hank,Hans,Hansel,Hansford,Hanson,Harden,Hardie,Hardin,Harding,Hardy,Harl,Harlan,Harland,Harlen,Harley,Harlie,Harlon,Harlow,Harm,Harman,Harmon,Harold,Harper,Harrell,Harrie,Harris,Harrison,Harrold,Harry,Hart,Hartley,Hartwell,Harve,Harvey,Harvie,Harvy,Hasan,Haskell,Hassan,Hattie,Haven,Hayden,Hayes,Hays,Hayward,Haywood,Hazen,Heath,Heber,Hebert,Hector,Helmer,Hence,Henderson,Henery,Henri,Henry,Herb,Herbert,Heriberto,Herman,Hermann,Hermon,Hernan,Herschel,Hershel,Hershell,Hervey,Heyward,Hezekiah,Hezzie,Hideo,Hilario,Hilary,Hilbert,Hill,Hillard,Hillary,Hillery,Hilliard,Hilmer,Hilton,Hiram,Hiroshi,Hjalmar,Hjalmer,Hobart,Hobert,Hobson,Hoke,Holden,Holland,Hollie,Hollis,Holmes,Homer,Hoover,Hope,Horace,Horacio,Horatio,Horton,Hosea,Hosie,Hosteen,Houston,Howard,Howell,Hoy,Hoyt,Hubbard,Hubert,Hudson,Huey,Hugh,Hughes,Hughey,Hughie,Hugo,Humberto,Humphrey,Hung,Hunt,Hunter,Hurbert,Hurley,Huston,Huy,Hyman,Hymen,Hyrum,Ian,Ibrahim,Ida,Ignacio,Ignatius,Ignatz,Ike,Illya,Imanol,Immanuel,Infant,Ingram,Ira,Irl,Irven,Irvin,Irvine,Irving,Irwin,Isaac,Isaak,Isadore,Isai,Isaiah,Isaias,Isam,Ishaan,Isham,Ishmael,Isiah,Isidor,Isidore,Isidro,Ismael,Isom,Israel,Isreal,Issac,Iva,Ivan,Iver,Iverson,Ivey,Ivor,Ivory,Ivy,Izaiah,Izayah,Jabari,Jabbar,Jabez,Jace,Jack,Jackson,Jacky,Jacob,Jacoby,Jacques,Jacquez,Jade,Jaden,Jadiel,Jadon,Jadyn,Jaeden,Jagger,Jaheem,Jaheim,Jahiem,Jahir,Jaiden,Jaidyn,Jaime,Jaimie,Jair,Jairo,Jajuan,Jake,Jakob,Jakobe,Jaleel,Jalen,Jalon,Jamaal,Jamal,Jamar,Jamarcus,Jamari,Jamarion,Jame,Jameel,Jamel,James,Jameson,Jamey,Jamie,Jamil,Jamin,Jamir,Jamison,Jammie,Jan,Jaquan,Jaquez,Jarad,Jared,Jaren,Jaret,Jarett,Jarod,Jaron,Jarrad,Jarred,Jarrell,Jarret,Jarrett,Jarrod,Jarvis,Jase,Jasen,Jasiah,Jason,Jasper,Javen,Javier,Javion,Javon,Javonte,Jax,Jaxen,Jaxon,Jaxson,Jaxton,Jay,Jayce,Jaycob,Jaydan,Jayden,Jaydin,Jaydon,Jaylan,Jaylen,Jaylin,Jaylon,Jayme,Jaymes,Jayson,Jayvion,Jayvon,Jean,Jeb,Jed,Jedediah,Jedidiah,Jeff,Jefferey,Jefferson,Jeffery,Jeffie,Jeffrey,Jeffry,Jelani,Jemal,Jennings,Jens,Jensen,Jep,Jeptha,Jerad,Jerald,Jeramiah,Jeramie,Jeramy,Jere,Jered,Jerel,Jereme,Jeremey,Jeremiah,Jeremie,Jeremy,Jerimiah,Jerimy,Jermain,Jermaine,Jermey,Jerod,Jerold,Jerome,Jeromy,Jerrad,Jerrel,Jerrell,Jerrod,Jerrold,Jerry,Jess,Jesse,Jessee,Jessie,Jessy,Jesus,Jethro,Jett,Jettie,Jevon,Jewell,Jiles,Jim,Jimmie,Jimmy,Joaquin,Job,Jobe,Joe,Joel,Joeseph,Joesph,Joey,Johan,Johathan,John,Johnathan,Johnathon,Johney,Johnie,Johnnie,Johnny,Johnpaul,Johnson,Johny,Jon,Jonah,Jonas,Jonatan,Jonathan,Jonathon,Jones,Jonnie,Jordan,Jorden,Jordi,Jordon,Jordy,Jordyn,Jorge,Jory,Jose,Josef,Joseluis,Joseph,Josephus,Josh,Joshua,Joshuah,Josiah,Josue,Jovan,Jovani,Jovanni,Jovanny,Jovany,Joy,Juan,Judah,Judd,Jude,Judge,Judson,Juelz,Jule,Jules,Julian,Julien,Julio,Julious,Julius,Juluis,Junior,Junious,Junius,Justen,Justice,Justin,Juston,Justus,Justyn,Juwan,Kade,Kadeem,Kaden,Kadin,Kadyn,Kaeden,Kael,Kahlil,Kai,Kaiden,Kale,Kaleb,Kalel,Kalen,Kalvin,Kamari,Kamden,Kameron,Kamren,Kamron,Kamryn,Kane,Kanye,Kareem,Kareen,Karim,Karl,Karson,Karter,Kasen,Kasey,Kash,Kason,Kavon,Kayden,Kaye,Kayson,Kazuo,Keagan,Keandre,Keanu,Keaton,Keegan,Keenan,Keenen,Kegan,Keifer,Keion,Keith,Kelan,Kelby,Kellan,Kellen,Kelley,Kelly,Kelsey,Kelton,Kelvin,Kem,Ken,Kenan,Kendal,Kendall,Kendell,Kendrick,Kenji,Kennard,Kennedy,Kenneth,Kenney,Kennith,Kennth,Kenny,Kent,Kenton,Kenya,Kenyatta,Kenyon,Keon,Kermit,Kerry,Kerwin,Keshaun,Keshawn,Kevan,Keven,Kevin,Kevon,Keyon,Keyshawn,Khalid,Khalil,Khari,Khiry,Kian,Kiara,Kiefer,Kiel,Kieran,Kieth,Kiley,Killian,Kim,Kimball,Kimberly,King,Kingston,Kinte,Kip,Kipp,Kirby,Kirk,Kirt,Kit,Kiyoshi,Knox,Knute,Kobe,Koby,Koda,Kody,Koen,Kolby,Kole,Kolten,Kolton,Konner,Konnor,Korbin,Kordell,Korey,Kory,Kraig,Kris,Krish,Kristen,Kristian,Kristin,Kristofer,Kristoffer,Kristopher,Kunta,Kurt,Kurtis,Kwame,Kyan,Kylan,Kyle,Kyler,Kymani,Kyree,Kyson,Lacey,Lacy,Ladarius,Laddie,Lafayette,Lafe,Lamar,Lamarcus,Lambert,Lamont,Lamonte,Lance,Landan,Landen,Landin,Landon,Landyn,Lane,Lannie,Lanny,Laquan,Lark,Larkin,Laron,Larry,Lars,Larue,Lary,Lashawn,Latrell,Laurance,Laurel,Laurence,Lavar,Lavern,Laverne,Lavon,Lawerence,Lawrance,Lawrence,Lawson,Lawton,Lawyer,Layne,Layton,Lazaro,Le,Lea,Leamon,Leander,Leandro,Lee,Leeroy,Leif,Leigh,Leighton,Leland,Lem,Lemmie,Lemon,Lemuel,Len,Lena,Lenard,Lennie,Lennon,Lenny,Lenon,Lenord,Lenwood,Leo,Leon,Leonard,Leonardo,Leonce,Leonel,Leonidas,Leopold,Leopoldo,Leroy,Les,Lesley,Leslie,Less,Lessie,Lester,Levar,Levern,Levi,Levie,Levin,Levon,Levy,Lew,Lewis,Lex,Lexie,Liam,Lige,Lilburn,Lillard,Lim,Lincoln,Lindbergh,Lindell,Linden,Lindsay,Lindsey,Lindy,Link,Linn,Linnie,Linton,Linus,Linwood,Linzy,Lionel,Lisandro,Lish,Lisle,Liston,Little,Littleton,Llewellyn,Lloyd,Logan,Lon,London,Lone,Loney,Long,Lonie,Lonnie,Lonny,Lonzo,Lora,Loran,Loren,Lorenz,Lorenza,Lorenzo,Lorin,Loring,Lorne,Lott,Lou,Louie,Louis,Love,Lovell,Lovett,Lovie,Lowell,Loy,Loyal,Loyd,Luc,Luca,Lucas,Lucian,Luciano,Lucien,Lucio,Lucious,Lucius,Lucky,Ludwig,Lue,Luigi,Luis,Luka,Lukas,Luke,Lula,Lum,Lupe,Luster,Lute,Luther,Luverne,Lydell,Lyle,Lyman,Lyn,Lyndon,Lynn,Lynwood,Lyric,Mac,Macarthur,Mace,Maceo,Mack,Mackenzie,Madden,Maddox,Maddux,Madison,Mae,Mahlon,Major,Makai,Makhi,Mal,Malachi,Malakai,Malaki,Malcolm,Malcom,Male,Malik,Malvin,Mamie,Manford,Manley,Manly,Mannie,Manning,Mansfield,Manson,Manuel,Marc,Marcel,Marcelino,Marcell,Marcello,Marcellus,Marcelo,Marchello,Marco,Marcos,Marcus,Margarito,Mariano,Mario,Marion,Marius,Mark,Markel,Markell,Markus,Marland,Marley,Marlin,Marlo,Marlon,Marlyn,Marques,Marquez,Marquis,Marquise,Marrion,Marsh,Marshal,Marshall,Mart,Martell,Martez,Martin,Marty,Marvin,Masao,Mason,Mat,Mateo,Math,Mathew,Mathews,Mathias,Matias,Matt,Matteo,Matthew,Matthias,Maurice,Mauricio,Mauro,Maury,Maverick,Max,Maxie,Maxim,Maximilian,Maximiliano,Maximillian,Maximo,Maximus,Maxwell,Maxx,May,Maynard,Mayo,Mcarthur,Mckinley,Mearl,Mekhi,Mel,Melbourne,Mell,Melton,Melville,Melvin,Melvyn,Memphis,Menachem,Mercer,Merl,Merle,Merlin,Merlyn,Merrill,Merritt,Merton,Mervin,Mervyn,Merwin,Messiah,Metro,Meyer,Micah,Michael,Michal,Michale,Micheal,Michel,Michial,Mickey,Micky,Miguel,Miguelangel,Mikal,Mike,Mikeal,Mikel,Mikhail,Milan,Milas,Milburn,Miles,Milford,Millard,Miller,Mills,Milo,Milton,Miner,Minor,Minoru,Misael,Mitch,Mitchel,Mitchell,Moe,Mohamed,Mohammad,Mohammed,Moises,Monroe,Mont,Montana,Monte,Montel,Montgomery,Montie,Montrell,Monty,Moody,Mordechai,Morgan,Morris,Mortimer,Morton,Mose,Moses,Moshe,Muhammad,Murdock,Murl,Murphy,Murray,Murry,Mustafa,Mychal,Myer,Mykel,Myles,Myrl,Myron,Myrtle,Najee,Nakia,Namon,Napoleon,Nash,Nasir,Nat,Nathan,Nathanael,Nathanial,Nathaniel,Nathen,Neal,Ned,Needham,Neely,Nehemiah,Neil,Nello,Nels,Nelson,Nery,Nestor,Nevin,Newell,Newman,Newt,Newton,Nicholas,Nicholaus,Nick,Nicklaus,Nickolas,Nicky,Nico,Nicolas,Nigel,Nikhil,Nikko,Niko,Nikolai,Nikolas,Nile,Niles,Nils,Nim,Noah,Noble,Noe,Noel,Nolan,Nolen,Norbert,Norberto,Norman,Normand,Norris,North,Norton,Norval,Norwood,Nunzio,Oakley,Obe,Obed,Obie,Ocie,Octave,Octavio,Octavius,Oda,Oddie,Odell,Odie,Odin,Odis,Odus,Offie,Ogden,Okey,Ola,Olaf,Olan,Oland,Ole,Olen,Oley,Olie,Olin,Oliver,Ollie,Olof,Omar,Omari,Omarion,Omer,Oneal,Ora,Oral,Oran,Orange,Oren,Orie,Orin,Orion,Oris,Orla,Orland,Orlando,Orley,Orlin,Orlo,Orren,Orrie,Orrin,Orris,Orson,Orval,Orvel,Orvil,Orville,Orvin,Orvis,Osbaldo,Osborn,Osborne,Oscar,Osie,Ossie,Osvaldo,Oswald,Oswaldo,Otha,Othel,Otho,Otis,Ott,Ottie,Ottis,Otto,Ova,Ovid,Ovila,Owen,Owens,Ozell,Ozie,Ozzie,Pablo,Page,Palmer,Paris,Park,Parker,Parley,Parrish,Pascal,Pasquale,Pat,Pate,Patric,Patrick,Paul,Paulo,Paxton,Payton,Pearley,Pedro,Percival,Percy,Perley,Pernell,Perry,Pershing,Pete,Peter,Peyton,Phil,Philip,Phillip,Philo,Phoenix,Pierce,Pierre,Pinkney,Pleas,Pleasant,Ples,Plummer,Polk,Porfirio,Porter,Posey,Powell,Pranav,Pratt,Prentice,Prentiss,Presley,Press,Preston,Price,Primus,Prince,Prosper,Pryor,Purl,Quentin,Quincy,Quinn,Quint,Quinten,Quintin,Quinton,Rae,Raekwon,Rafael,Rafe,Raheem,Rahn,Rahsaan,Rahul,Raiden,Rakeem,Raleigh,Ralph,Ramiro,Ramon,Ramsey,Rance,Rand,Randal,Randall,Randel,Randell,Randle,Randolf,Randolph,Randy,Ransom,Raoul,Raphael,Raquan,Ras,Rashaad,Rashaan,Rashad,Rashawn,Rasheed,Raul,Raven,Ray,Rayan,Rayburn,Rayfield,Rayford,Raymon,Raymond,Raymundo,Raynard,Rayshawn,Reagan,Reason,Red,Redden,Redmond,Reece,Reed,Reese,Refugio,Regan,Reggie,Reginal,Reginald,Regis,Reid,Reilly,Reinaldo,Reinhold,Reino,Remington,Remy,Renaldo,Renard,Rene,Reno,Reuben,Reubin,Rex,Rexford,Rey,Reyes,Reynaldo,Reynold,Reynolds,Rhett,Rhoda,Rhys,Rian,Ricardo,Ricci,Rice,Rich,Richard,Richie,Richmond,Rick,Rickey,Ricki,Rickie,Ricky,Rico,Ridge,Rigoberto,Riley,Rishi,Ritchie,River,Rob,Robb,Robbie,Robbin,Robby,Robert,Roberto,Robin,Robley,Robt,Roby,Rocco,Rock,Rocky,Rod,Roddy,Roderic,Roderick,Rodger,Rodney,Rodolfo,Rodrick,Rodrigo,Roe,Roel,Rogelio,Roger,Rogers,Rohan,Roland,Rolando,Rolf,Roll,Rolla,Rolland,Rollie,Rollin,Rollo,Roma,Roman,Rome,Romello,Romeo,Romie,Ron,Ronal,Ronald,Ronaldo,Ronan,Rondal,Ronin,Ronnie,Ronny,Roosevelt,Rory,Rosario,Rosco,Roscoe,Rosendo,Rosevelt,Ross,Rossie,Roswell,Rowan,Rowland,Roy,Royal,Royce,Rube,Ruben,Rubin,Ruby,Rudolf,Rudolfo,Rudolph,Rudy,Rueben,Ruel,Ruffin,Ruffus,Rufus,Rupert,Rush,Russ,Russel,Russell,Rustin,Rusty,Rutherford,Ryan,Ryder,Ryker,Rylan,Ryland,Rylee,Ryley,Ryne,Sabastian,Sage,Saint,Sal,Salomon,Salvador,Salvatore,Sam,Samie,Samir,Sammie,Sammy,Sampson,Samson,Samual,Samuel,Sanders,Sandy,Sanford,Santana,Santiago,Santino,Santo,Santos,Saul,Saverio,Savion,Savon,Sawyer,Schley,Schuyler,Scot,Scott,Scottie,Scotty,Seaborn,Seamus,Sean,Sebastian,Sedrick,Seldon,Selmer,Semaj,Seneca,Sergio,Seth,Severo,Severt,Seward,Seymour,Shad,Shade,Shafter,Shamar,Shan,Shane,Shannon,Shanon,Shaquan,Shaquille,Sharif,Sharon,Shaun,Shawn,Shay,Shayne,Shea,Shedrick,Shelby,Sheldon,Shelley,Shellie,Shelly,Shelton,Shemar,Shep,Shepherd,Sheridan,Sherman,Sherrill,Sherwin,Sherwood,Shirley,Shoji,Shon,Shyheim,Sid,Sidney,Sie,Sigmund,Sigurd,Silas,Silver,Silvester,Silvio,Sim,Simeon,Simmie,Simon,Simpson,Sincere,Sing,Skip,Skylar,Skyler,Slade,Smith,Sol,Soloman,Solomon,Solon,Son,Sonny,Soren,Spencer,Spenser,Spurgeon,Squire,Stacey,Stacy,Stafford,Stan,Stanford,Stanislaus,Stanley,Stanton,Starling,Stefan,Stephan,Stephanie,Stephen,Stephon,Sterling,Stetson,Stevan,Steve,Steven,Stevie,Steward,Stewart,Stone,Stonewall,Stoney,Storm,Stuart,Sullivan,Sumner,Susie,Sydney,Syed,Sylas,Sylvan,Sylvanus,Sylvester,Tab,Tad,Taft,Tahj,Taj,Tal,Talan,Talen,Tallie,Talmadge,Talmage,Talon,Tandy,Tanner,Tarik,Tariq,Tate,Tatsuo,Taurean,Taurus,Tavares,Tavaris,Tavian,Tavion,Tavon,Tayler,Taylor,Tayshaun,Teagan,Ted,Teddie,Teddy,Tegan,Telly,Terance,Terell,Terence,Terrance,Terrell,Terrence,Terrill,Terry,Tevin,Tex,Thad,Thaddeus,Theadore,Thedore,Theo,Theodis,Theodore,Theophile,Therman,Theron,Thomas,Thompson,Thor,Thornton,Thorwald,Thos,Thurlow,Thurman,Thurston,Tilden,Tillman,Tilman,Tim,Timmie,Timmothy,Timmy,Timothy,Tito,Titus,Tobe,Tobias,Tobie,Tobin,Toby,Tod,Todd,Toivo,Tolbert,Tollie,Tom,Toma,Tomas,Tomie,Tommie,Tommy,Toney,Tony,Torey,Toriano,Torrance,Torrence,Torrey,Torry,Tory,Toshio,Toy,Trace,Tracey,Tracy,Trae,Travis,Travon,Trayvon,Tre,Tremaine,Tremayne,Trent,Trenten,Trenton,Trever,Trevin,Trevion,Trevon,Trevor,Trey,Treyton,Treyvon,Trinidad,Trinity,Tripp,Tristan,Tristen,Tristian,Tristin,Triston,Troy,True,Trumaine,Truman,Trystan,Tuan,Tucker,Turner,Ty,Tye,Tyler,Tylor,Tyquan,Tyree,Tyreek,Tyreese,Tyrek,Tyreke,Tyrel,Tyrell,Tyrese,Tyrik,Tyrin,Tyriq,Tyrique,Tyron,Tyrone,Tyrus,Tyshawn,Tyson,Ulises,Ulysses,Unknown,Unnamed,Urban,Uriah,Uriel,Urijah,Val,Valentin,Valentine,Valentino,Van,Vance,Vander,Vashon,Vaughn,Vera,Vere,Vergil,Verl,Verle,Verlin,Verlon,Verlyn,Vern,Verna,Vernal,Verne,Vernell,Verner,Vernie,Vernon,Vester,Vic,Vicente,Vick,Victor,Victoriano,Vidal,Vince,Vincent,Vincenzo,Vinson,Vinton,Virge,Virgel,Virgie,Virgil,Virgle,Vito,Vollie,Volney,Von,Wade,Waino,Waldemar,Waldo,Walker,Wallace,Wally,Walt,Walter,Walton,Ward,Wardell,Warner,Warren,Wash,Washington,Watson,Watt,Waverly,Wayde,Wayland,Waylon,Wayman,Waymon,Wayne,Weaver,Webb,Webster,Weldon,Wellington,Wells,Welton,Wendel,Wendell,Wenzel,Werner,Wes,Wesley,Wess,West,Westin,Westley,Weston,Wheeler,Whit,Whitney,Wilber,Wilbert,Wilbur,Wilburn,Wiley,Wilford,Wilfred,Wilfredo,Wilfrid,Wilhelm,Wiliam,Wilkie,Will,Willaim,Willam,Willard,William,Williams,Willian,Williard,Willie,Willis,Willy,Wilmer,Wilson,Wilton,Windell,Winfield,Winford,Winfred,Wing,Winifred,Winnie,Winston,Winthrop,Winton,Wirt,Wm,Wong,Wood,Woodie,Woodroe,Woodrow,Woodson,Woody,Worley,Worth,Wright,Wyatt,Wylie,Wyman,Xander,Xavier,Xzavier,Yaakov,Yadiel,Yael,Yahir,Yair,Yancy,Yandel,Yee,Yehuda,Yoel,York,Yosef,Yoshio,Young,Yurem,Yusuf,Zachariah,Zachary,Zachery,Zack,Zackary,Zackery,Zaid,Zaiden,Zain,Zaire,Zakary,Zander,Zane,Zavier,Zavion,Zayden,Zayne,Zeb,Zebulon,Zechariah,Zed,Zeke,Zenas,Zeno,Zigmund,Zion,Zollie
